age,weight
19,37.9
33,42.3
22,33.4
74,57.6
16,28.9
16,29.4
32,41.8
76,78.8
30,37.2
58,47.1
33,36.1
5,25.0
25,34.2
24,29.6
32,46.9
16,28.7
53,65.6
38,52.5
10,25.4
53,45.8
15,17.3
51,48.9
78,71.6
34,44.6
42,61.0
17,29.8
53,52.7
51,62.9
25,33.0
39,48.8
14,25.8
36,40.7
25,30.9
76,70.7
33,36.1
12,15.5
34,47.6
56,45.0
39,59.5
77,76.3
45,51.2
63,69.0
23,34.5
76,74.6
73,66.7
79,80.6
56,40.8
22,52.7
70,53.8
19,32.8
24,27.0
59,49.4
13,21.4
64,67.8
72,66.7
6,32.8
19,28.7
39,37.5
48,56.9
63,65.8
5,37.0
38,40.6
69,65.5
18,23.4
43,52.5
30,32.5
24,32.7
72,69.8
5,16.7
19,27.6
51,62.7
44,39.5
35,56.2
15,34.9
15,28.3
73,54.7
21,39.2
75,74.5
26,35.6
59,72.5
32,51.4
30,34.4
44,40.2
52,60.0
61,65.8
36,38.9
33,42.8
75,69.3
34,41.4
12,27.4
34,43.7
47,51.3
14,23.5
67,63.0
32,29.9
78,68.0
78,58.6
57,59.1
29,47.4
50,58.2
59,46.5
11,34.6
17,41.5
18,35.9
36,46.5
22,42.4
59,61.5
14,36.2
61,64.6
17,18.2
11,22.1
6,16.8
16,42.6
26,30.8
57,52.2
56,56.8
12,28.0
54,55.5
38,55.7
41,41.2
59,54.6
76,58.7
67,66.9
12,32.7
79,71.1
45,46.8
12,35.4
72,69.3
25,44.1
28,41.1
13,19.8
35,36.8
56,67.1
36,53.5
79,63.3
58,52.3
79,65.8
38,42.3
31,37.2
38,39.4
55,62.6
63,68.3
45,64.0
6,16.8
63,54.4
17,24.8
14,21.0
21,31.7
49,62.4
52,44.0
41,53.9
43,59.0
72,79.7
43,48.6
18,35.2
19,30.9
18,31.5
41,42.6
31,39.2
38,40.1
69,49.7
11,28.2
16,21.7
10,16.7
5,21.4
38,47.9
25,35.8
59,49.5
76,72.2
24,35.8
74,74.6
75,70.3
23,33.1
51,54.0
10,30.4
36,40.5
18,26.3
57,64.2
24,40.2
25,33.9
27,38.7
47,49.5
57,61.6
36,30.2
39,51.2
53,63.6
9,29.0
63,57.1
49,47.6
34,53.8
33,46.0
47,51.2
40,58.0
40,32.2
49,47.4
73,62.0
47,53.8
38,43.4
27,20.0
9,16.1
18,26.4
45,45.6
60,52.4
54,49.9
78,71.5
60,61.0
5,15
30,37.9
51,37.6
47,57.7
45,47.4
43,44.9
69,62.2
56,63.1
42,43.0
53,52.9
27,33.1
75,64.8
5,21.7
79,75.9
46,42.5
32,42.5
70,50.7
26,39.4
15,27.6
47,60.7
16,35.3
44,38.0
33,42.8
10,22.8
36,53.0
14,28.1
63,52.5
29,43.9
54,49.9
5,23.4
18,32.6
71,61.3
64,66.6
20,34.6
63,66.2
72,72.6
76,55.3
61,50.0
69,51.2
62,67.1
25,35.9
38,36.8
36,46.4
71,61.4
67,59.6
14,25.1
41,47.3
74,74.4
15,33.0
24,39.5
32,47.4
74,70.9
64,57.5
58,60.1
54,62.8
7,19.3
78,70.1
50,53.0
43,48.2
58,44.0
73,67.3
33,32.7
67,65.0
8,32.6
54,49.7
56,65.4
26,45.4
73,54.2
8,33.0
8,20.0
15,27.4
64,58.6
28,44.7
32,42.9
63,55.4
53,64.9
40,46.2
37,30.8
15,18.3
11,29.3
49,52.3
10,29.1
8,29.6
7,23.1
24,36.2
19,40.3
77,77.5
37,41.5
52,58.5
19,40.7
25,39.5
8,24.5
44,35.0
53,47.4
55,60.1
80,70.3
36,53.1
20,40.2
77,71.4
59,52.0
52,63.0
6,28.1
58,59.2
51,50.2
63,59.0
71,58.9
39,33.6
66,52.4
64,51.2
39,49.8
46,57.8
16,19.8
40,49.9
64,58.1
77,64.8
8,20.8
68,66.8
32,37.2
50,54.4
40,39.9
76,86.4
15,30.8
35,41.2
35,34.8
65,57.3
7,18.1
16,28.4
36,50.3
44,45.1
75,63.0
72,53.7
75,88.4
47,46.0
44,54.8
37,45.4
45,60.4
20,32.2
28,21.0
29,40.5
80,79.9
72,50.7
29,27.6
42,47.9
6,28.3
73,68.9
11,28.7
75,64.4
67,79.8
18,38.1
65,55.7
66,58.7
11,28.8
37,51.5
13,25.6
56,47.2
11,27.6
24,40.9
43,55.2
15,33.3
58,57.6
33,42.6
61,52.9
43,61.5
44,32.2
77,63.1
17,24.4
31,36.3
15,25.9
25,36.8
25,45.1
5,15
65,68.1
42,52.9
41,47.8
63,65.6
38,46.9
80,63.4
59,44.5
19,22.6
39,42.6
23,38.7
44,50.4
77,76.7
64,58.0
43,42.8
69,48.9
74,65.2
10,26.6
60,58.1
8,15.7
16,31.8
78,81.1
80,98.3
39,37.0
78,82.1
65,65.2
71,57.1
28,25.5
79,59.5
16,35.4
65,58.6
18,36.8
25,31.1
41,56.1
56,59.8
63,52.8
16,28.0
56,62.1
70,65.7
74,67.8
64,57.7
51,55.5
68,55.9
31,31.8
39,30.1
61,54.8
67,77.2
35,55.8
25,35.8
57,58.1
16,32.5
19,45.6
64,71.2
24,32.3
68,69.5
39,43.0
58,67.7
36,26.5
63,54.4
70,63.3
22,38.0
58,53.5
48,58.8
5,19.9
41,44.6
79,58.2
67,68.6
66,57.2
49,46.0
53,64.8
63,73.8
35,37.0
78,60.5
57,66.3
10,23.2
53,61.7
54,67.5
24,34.7
68,67.7
80,71.2
47,60.3
61,49.2
17,23.4
23,33.7
57,69.8
14,15.7
65,63.3
55,50.4
15,37.9
73,56.5
53,63.9
67,60.8
74,70.7
41,47.2
34,41.9
17,23.6
17,20.9
8,28.9
10,25.4
50,54.6
52,49.1
57,59.3
77,68.2
27,33.5
15,24.4
35,38.4
68,67.5
64,59.6
37,34.0
64,64.2
41,44.8
61,56.0
49,57.7
59,57.9
37,38.3
54,56.7
66,68.3
50,56.8
78,67.6
7,35.0
55,54.4
11,36.1
68,71.7
34,29.0
50,53.4
37,48.5
22,23.8
10,15.6
44,49.0
51,51.4
21,38.6
58,60.8
27,41.3
51,64.9
72,61.2
26,36.8
37,58.5
42,38.7
48,53.8
14,21.7
23,35.1
55,50.7
76,61.2
6,33.1
38,37.2
38,42.9
79,64.0
52,60.6
18,28.1
76,62.4
46,54.2
13,25.9
64,66.6
57,53.8
19,43.2
43,61.0
68,68.0
73,70.9
22,29.1
74,72.4
58,48.1
58,51.8
17,35.9
40,37.6
9,24.1
61,55.1
35,44.7
52,51.3
74,76.3
12,22.0
55,52.8
63,79.1
16,25.2
7,16.0
11,28.3
21,28.6
77,73.7
75,81.4
31,29.2
34,35.5
47,52.4
5,15
40,48.5
21,30.6
74,68.1
8,29.5
21,46.0
35,43.9
80,70.1
11,31.0
21,33.2
13,19.9
65,56.0
80,74.1
18,27.0
10,28.0
71,62.9
8,34.7
12,41.4
59,58.2
18,16.4
14,30.0
15,28.0
21,37.2
40,39.4
46,43.4
53,63.1
63,60.7
69,62.3
19,30.4
75,67.9
62,55.5
34,30.9
56,63.2
58,56.9
45,43.2
37,41.2
65,65.1
13,30.9
60,60.6
17,30.8
21,26.9
76,85.7
76,75.9
47,47.1
59,52.0
11,36.4
50,50.6
18,27.4
66,60.6
33,45.2
76,64.1
52,58.0
33,45.2
59,69.0
76,53.7
8,17.3
39,38.9
8,29.8
44,58.5
48,48.6
23,38.5
77,68.6
8,23.0
16,30.3
58,52.8
63,57.3
46,55.6
77,58.1
24,27.4
25,36.3
15,27.5
39,38.5
61,62.2
58,56.0
19,44.0
49,46.7
80,74.4
67,57.6
33,40.4
55,58.1
31,39.9
43,59.2
37,40.0
42,46.9
60,59.8
27,43.5
34,48.4
69,55.2
50,48.8
14,19.9
60,65.9
7,21.8
45,50.0
78,64.3
58,60.8
42,48.4
46,50.9
26,40.0
51,43.9
16,27.3
60,60.3
80,69.7
44,50.3
48,53.4
14,41.1
70,59.7
29,32.5
49,41.4
23,49.1
35,47.0
27,40.8
24,36.3
27,27.4
68,55.4
79,73.4
62,54.2
46,36.8
45,50.8
61,61.8
43,50.6
50,43.5
69,71.8
9,29.4
12,23.9
16,34.6
69,58.0
10,32.6
62,68.0
29,33.9
46,43.4
12,22.7
62,72.2
48,60.3
15,25.4
36,43.3
61,68.2
25,35.8
51,49.2
57,61.1
48,50.2
47,48.5
13,24.2
54,62.9
41,46.5
24,49.3
47,59.6
49,56.9
44,59.2
55,53.6
21,20.0
44,39.3
76,60.5
21,42.3
72,75.5
70,71.3
51,59.1
32,41.5
48,58.8
33,38.8
22,37.6
17,35.9
69,66.6
72,53.6
9,18.3
21,21.5
53,57.0
26,40.5
61,66.1
35,44.6
61,50.7
62,52.8
34,36.2
65,61.0
29,27.4
61,72.2
64,63.1
69,52.8
72,63.2
30,41.5
22,35.9
66,61.3
52,50.7
71,65.1
20,30.4
39,56.9
62,63.6
60,56.8
16,35.1
62,58.7
49,58.4
55,52.7
69,60.0
15,34.7
52,54.8
17,37.1
47,51.5
41,43.0
65,61.0
65,58.6
62,48.9
7,15
37,44.9
72,70.7
59,62.8
43,51.7
20,40.0
63,63.1
13,40.1
73,77.2
7,18.4
23,28.2
42,38.6
35,46.9
78,61.7
15,34.9
72,69.4
72,66.4
74,47.2
75,67.8
7,18.5
54,60.1
52,53.8
13,29.7
49,52.4
18,41.9
79,70.8
10,20.2
50,40.2
27,33.9
64,69.5
28,37.2
22,45.5
63,65.6
9,25.3
30,41.5
10,24.1
55,61.3
74,66.2
29,39.2
41,39.1
47,60.1
39,50.1
56,61.1
61,65.1
28,33.9
68,61.8
71,59.9
39,48.9
15,19.0
60,48.6
74,60.3
42,46.1
42,49.9
44,38.1
26,40.6
61,58.4
50,54.2
60,56.0
12,47.2
14,25.7
70,59.2
25,40.0
61,58.5
9,29.5
51,56.8
51,46.4
24,41.7
62,66.7
14,27.0
78,75.0
45,54.3
40,46.0
28,41.6
68,48.8
20,31.3
38,46.4
32,30.0
41,37.9
30,15.6
20,34.8
27,39.6
61,72.4
45,49.0
49,49.6
42,38.7
43,54.5
27,28.7
51,49.6
30,39.3
22,35.0
51,61.3
75,61.7
75,65.3
21,31.4
44,46.7
55,66.9
72,66.8
57,58.6
14,16.2
21,43.5
62,58.6
64,58.9
75,62.9
80,79.6
60,75.6
69,66.9
20,31.7
71,68.6
46,53.3
33,32.0
41,60.4
15,29.7
75,78.7
40,50.2
73,71.7
16,26.1
79,71.3
24,40.3
48,59.8
77,83.6
15,33.3
10,37.9
38,40.9
31,40.9
8,18.0
68,70.9
43,42.3
66,63.3
56,69.1
43,37.7
25,39.3
61,52.9
48,55.2
23,30.7
49,62.1
56,61.0
76,74.3
18,28.4
39,52.5
62,60.3
42,50.5
54,59.9
25,30.8
46,60.1
29,34.3
25,27.8
68,64.3
44,45.6
55,55.8
69,59.8
79,72.7
50,57.9
65,64.0
41,33.4
60,55.9
22,42.6
56,48.8
51,55.3
76,70.0
29,35.1
54,59.5
69,56.4
20,35.7
21,40.6
48,50.1
76,80.3
30,35.1
70,63.9
9,27.0
22,31.4
71,53.8
63,69.7
22,46.2
46,55.5
55,53.2
43,41.0
70,60.9
73,58.5
65,62.8
7,17.5
58,65.4
79,66.0
8,39.2
65,61.3
79,81.5
78,71.0
66,65.2
26,25.8
53,52.8
23,37.2
78,66.0
19,35.1
58,64.7
24,31.6
69,67.3
65,70.2
12,19.6
22,25.4
66,61.8
72,54.3
63,73.2
73,63.9
38,50.2
66,64.8
76,74.3
43,50.9
43,66.5
41,43.7
67,53.3
45,40.3
40,47.1
41,54.2
53,61.7
55,63.0
23,19.1
42,64.1
15,34.3
49,60.9
66,58.2
32,43.4
76,77.7
39,51.6
80,79.4
35,43.2
72,77.2
33,40.0
57,55.3
47,49.9
22,31.1
5,42.1
25,32.0
57,48.8
65,50.4
66,56.0
41,37.1
46,49.4
16,32.8
78,72.0
9,37.2
27,25.9
9,32.4
55,56.8
42,42.9
